{
  "error_code": 0,
  "error_msg": "",
  "data": {
    "slices": [
      {
        "slice_id": 1,
        "x": 0,
        "y": 0,
        "w": 12,
        "h": 6,
        "width": 360,
        "height": 210,
        "i": "number1",
        "chart_type": "x-number",
        "title": "Number1"
      },
      {
        "slice_id": 2,
        "x": 12,
        "y": 0,
        "w": 12,
        "h": 6,
        "width": 360,
        "height": 210,
        "i": "number2",
        "chart_type": "x-number",
        "title": "Number2"
      },
      {
        "slice_id": 3,
        "x": 24,
        "y": 0,
        "w": 12,
        "h": 6,
        "width": 360,
        "height": 210,
        "i": "number3",
        "chart_type": "x-number",
        "title": "Number3"
      },

      {
        "slice_id": 4,
        "x": 0,
        "y": 6,
        "w": 12,
        "h": 8,
        "width": 360,
        "height": 290,
        "i": "chart1",
        "chart_type": "x-bar",
        "title": "Bar"
      },
      {
        "slice_id": 5,
        "x": 12,
        "y": 6,
        "w": 12,
        "h": 8,
        "width": 360,
        "height": 290,
        "i": "chart2",
        "chart_type": "x-line",
        "title": "Line"
      },
      {
        "slice_id": 6,
        "x": 24,
        "y": 6,
        "w": 12,
        "h": 8,
        "width": 360,
        "height": 290,
        "i": "chart3",
        "chart_type": "x-line-area",
        "title": "Line Area"
      },

      {
        "slice_id": 7,
        "x": 0,
        "y": 14,
        "w": 12,
        "h": 8,
        "width": 360,
        "height": 290,
        "i": "chart4",
        "chart_type": "x-pie",
        "title": "Pie"
      },
      {
        "slice_id": 8,
        "x": 12,
        "y": 14,
        "w": 12,
        "h": 8,
        "width": 360,
        "height": 290,
        "i": "chart5",
        "chart_type": "x-circle",
        "title": "Circle"
      },
      {
        "slice_id": 9,
        "x": 24,
        "y": 14,
        "w": 12,
        "h": 8,
        "width": 360,
        "height": 290,
        "i": "chart6",
        "chart_type": "x-hbar",
        "title": "Horizontal Bar"
      }
    ]
  }
}
