{
  "demo": "demo1",
  "self": {
    "layout": "default",
    "logo": {
      "dark": "media/logos/logo-light.png",
      "light": "media/logos/logo-dark.png",
      "brand": "media/logos/logo-light.png",
      "green": "media/logos/logo-light.png"
    }
  },
  "loader": {
    "type": "spinner-logo",
    "logo": "media/logos/logo-letter-1.png",
    "message": "Please wait..."
  },
  "breakpoints": {
    "sm": 576,
    "md": 768,
    "lg": 992,
    "xl": 1200,
    "xxl": 1200
  },
  "colors": {
    "theme": {
      "base": {
        "white": "#ffffff",
        "primary": "#6993FF",
        "secondary": "#E5EAEE",
        "success": "#1BC5BD",
        "info": "#8950FC",
        "warning": "#FFA800",
        "danger": "#F64E60",
        "light": "#F3F6F9",
        "dark": "#212121"
      },
      "light": {
        "white": "#ffffff",
        "primary": "#E1E9FF",
        "secondary": "#ECF0F3",
        "success": "#C9F7F5",
        "info": "#EEE5FF",
        "warning": "#FFF4DE",
        "danger": "#FFE2E5",
        "light": "#F3F6F9",
        "dark": "#D6D6E0"
      },
      "inverse": {
        "white": "#ffffff",
        "primary": "#ffffff",
        "secondary": "#212121",
        "success": "#ffffff",
        "info": "#ffffff",
        "warning": "#ffffff",
        "danger": "#ffffff",
        "light": "#464E5F",
        "dark": "#ffffff"
      }
    },
    "gray": {
      "gray-100": "#F3F6F9",
      "gray-200": "#ECF0F3",
      "gray-300": "#E5EAEE",
      "gray-400": "#D6D6E0",
      "gray-500": "#B5B5C3",
      "gray-600": "#80808F",
      "gray-700": "#464E5F",
      "gray-800": "#1B283F",
      "gray-900": "#212121"
    }
  },
  "font-family": "Poppins",
  "header": {
    "self": {
      "display": true,
      "width": "fluid",
      "theme": "light",
      "fixed": {
        "desktop": true,
        "mobile": true
      }
    },
    "menu": {
      "self": {
        "display": true,
        "layout": "default",
        "root-arrow": false
      },
      "desktop": {
        "arrow": true,
        "toggle": "click",
        "submenu": {
          "theme": "light",
          "arrow": true
        }
      },
      "mobile": {
        "submenu": {
          "theme": "dark",
          "accordion": true
        }
      }
    }
  },
  "subheader": {
    "display": true,
    "displayDesc": false,
    "displayDaterangepicker": true,
    "layout": "subheader-v1",
    "fixed": true,
    "width": "fluid",
    "clear": false,
    "style": "solid"
  },
  "content": {
    "width": "fixed"
  },
  "brand": {
    "self": {
      "theme": "dark"
    }
  },
  "aside": {
    "self": {
      "theme": "dark",
      "display": true,
      "fixed": true,
      "minimize": {
        "toggle": true,
        "default": false,
        "hoverable": true
      }
    },
    "footer": {
      "self": {
        "display": true
      }
    },
    "menu": {
      "dropdown": false,
      "scroll": false,
      "submenu": {
        "accordion": true,
        "dropdown": {
          "arrow": true,
          "hover-timeout": 500
        }
      }
    }
  },
  "footer": {
    "width": "fluid",
    "fixed": false
  }
}
